{"loss": [1.333844542503357, 0.4361213147640228, 0.2631220817565918, 0.18622757494449615, 0.1396532654762268, 0.10637515038251877, 0.08859723061323166, 0.07193700969219208, 0.067435622215271, 0.05524424463510513], "accuracy": [0.6054058074951172, 0.8604025840759277, 0.9151433110237122, 0.9379472136497498, 0.954548716545105, 0.9651468992233276, 0.9704815149307251, 0.9762002825737, 0.9777224659919739, 0.9817625880241394], "val_loss": [0.6826550960540771, 0.3281198740005493, 0.2233416736125946, 0.26048532128334045, 0.17981751263141632, 0.22502700984477997, 0.19746559858322144, 0.17748433351516724, 0.13386884331703186, 0.15150214731693268], "val_accuracy": [0.784259021282196, 0.8902230858802795, 0.9275552034378052, 0.9200432300567627, 0.9422376751899719, 0.9335875511169434, 0.9403027296066284, 0.9505463242530823, 0.9578875303268433, 0.9574891924858093]}